[{"family":"MaterialIcons","fonts":[{"asset":"fonts/MaterialIcons-Regular.otf"}]},{"family":"packages/syncfusion_flutter_datagrid/UnsortIcon","fonts":[{"asset":"packages/syncfusion_flutter_datagrid/assets/font/UnsortIcon.ttf"}]},{"family":"packages/syncfusion_flutter_datagrid/FilterIcon","fonts":[{"asset":"packages/syncfusion_flutter_datagrid/assets/font/FilterIcon.ttf"}]},{"family":"packages/fluentui_system_icons/FluentSystemIcons-Regular","fonts":[{"asset":"packages/fluentui_system_icons/fonts/FluentSystemIcons-Regular.ttf"}]},{"family":"packages/fluentui_system_icons/FluentSystemIcons-Filled","fonts":[{"asset":"packages/fluentui_system_icons/fonts/FluentSystemIcons-Filled.ttf"}]}]